<?xml version="1.0" encoding="UTF-8"?>
<metadata xml:lang="pt"><Esri><CreaDate>20221020</CreaDate><CreaTime>19371400</CreaTime><ArcGISFormat>1.0</ArcGISFormat><ArcGISstyle>North American Profile of ISO19115 2003</ArcGISstyle><SyncOnce>FALSE</SyncOnce><DataProperties><itemProps><itemName Sync="TRUE">grade_id25</itemName><imsContentType Sync="TRUE">002</imsContentType><itemSize Sync="TRUE">0.000</itemSize><itemLocation><linkage Sync="TRUE">file://\\CAN00545486\C$\COPES\PROJETO_GRADE\grade_final\GEOFTP\v2_escalas_ok\grade_id25.shp</linkage><protocol Sync="TRUE">Local Area Network</protocol></itemLocation></itemProps><coordRef><type Sync="TRUE">Geographic</type><geogcsn Sync="TRUE">GCS_SIRGAS_2000</geogcsn><csUnits Sync="TRUE">Angular Unit: Degree (0.017453)</csUnits><peXml Sync="TRUE">&lt;GeographicCoordinateSystem xsi:type='typens:GeographicCoordinateSystem' xmlns:xsi='http://www.w3.org/2001/XMLSchema-instance' xmlns:xs='http://www.w3.org/2001/XMLSchema' xmlns:typens='http://www.esri.com/schemas/ArcGIS/10.1'&gt;&lt;WKT&gt;GEOGCS[&amp;quot;GCS_SIRGAS_2000&amp;quot;,DATUM[&amp;quot;D_SIRGAS_2000&amp;quot;,SPHEROID[&amp;quot;GRS_1980&amp;quot;,6378137.0,298.257222101]],PRIMEM[&amp;quot;Greenwich&amp;quot;,0.0],UNIT[&amp;quot;Degree&amp;quot;,0.0174532925199433],AUTHORITY[&amp;quot;EPSG&amp;quot;,4674]]&lt;/WKT&gt;&lt;XOrigin&gt;-400&lt;/XOrigin&gt;&lt;YOrigin&gt;-400&lt;/YOrigin&gt;&lt;XYScale&gt;11258999068426.238&lt;/XYScale&gt;&lt;ZOrigin&gt;-100000&lt;/ZOrigin&gt;&lt;ZScale&gt;10000&lt;/ZScale&gt;&lt;MOrigin&gt;-100000&lt;/MOrigin&gt;&lt;MScale&gt;10000&lt;/MScale&gt;&lt;XYTolerance&gt;8.9831528411952133e-009&lt;/XYTolerance&gt;&lt;ZTolerance&gt;0.001&lt;/ZTolerance&gt;&lt;MTolerance&gt;0.001&lt;/MTolerance&gt;&lt;HighPrecision&gt;true&lt;/HighPrecision&gt;&lt;LeftLongitude&gt;-180&lt;/LeftLongitude&gt;&lt;WKID&gt;4674&lt;/WKID&gt;&lt;LatestWKID&gt;4674&lt;/LatestWKID&gt;&lt;/GeographicCoordinateSystem&gt;</peXml></coordRef><lineage><Process Name="Spatial Join" ToolSource="c:\program files (x86)\arcgis\desktop10.2\ArcToolbox\Toolboxes\Analysis Tools.tbx\SpatialJoin" Date="20160927" Time="101402">SpatialJoin C:\COPES\PROJETO_GRADE\grade_final\GEOFTP\censo_2010\grade_id25.shp grade5km_escalas_BR C:\COPES\PROJETO_GRADE\grade_final\GEOFTP\v2_escalas_ok\grade_id25.shp JOIN_ONE_TO_MANY KEEP_ALL "ID_UNICO "ID_UNICO" true true false 50 Text 0 0 ,First,#,C:\COPES\PROJETO_GRADE\grade_final\GEOFTP\censo_2010\grade_id25.shp,ID_UNICO,-1,-1;nome_1KM "nome_1KM" true true false 16 Text 0 0 ,First,#,C:\COPES\PROJETO_GRADE\grade_final\GEOFTP\censo_2010\grade_id25.shp,nome_1KM,-1,-1;nome_5KM "nome_5KM" true true false 16 Text 0 0 ,First,#,C:\COPES\PROJETO_GRADE\grade_final\GEOFTP\censo_2010\grade_id25.shp,nome_5KM,-1,-1,grade5km_escalas_BR,nome_5KM,-1,-1;nome_10KM "nome_10KM" true true false 16 Text 0 0 ,First,#,C:\COPES\PROJETO_GRADE\grade_final\GEOFTP\censo_2010\grade_id25.shp,nome_10KM,-1,-1,grade5km_escalas_BR,nome_10KM,-1,-1;nome_50KM "nome_50KM" true true false 16 Text 0 0 ,First,#,C:\COPES\PROJETO_GRADE\grade_final\GEOFTP\censo_2010\grade_id25.shp,nome_50KM,-1,-1,grade5km_escalas_BR,nome_50KM,-1,-1;nome_100KM "nome_100KM" true true false 16 Text 0 0 ,First,#,C:\COPES\PROJETO_GRADE\grade_final\GEOFTP\censo_2010\grade_id25.shp,nome_100KM,-1,-1,grade5km_escalas_BR,nome_100KM,-1,-1;nome_500KM "nome_500KM" true true false 16 Text 0 0 ,First,#,C:\COPES\PROJETO_GRADE\grade_final\GEOFTP\censo_2010\grade_id25.shp,nome_500KM,-1,-1,grade5km_escalas_BR,nome_500KM,-1,-1;QUADRANTE "QUADRANTE" true true false 50 Text 0 0 ,First,#,C:\COPES\PROJETO_GRADE\grade_final\GEOFTP\censo_2010\grade_id25.shp,QUADRANTE,-1,-1,grade5km_escalas_BR,QUADRANTE,-1,-1;MASC "MASC" true true false 9 Long 0 9 ,First,#,C:\COPES\PROJETO_GRADE\grade_final\GEOFTP\censo_2010\grade_id25.shp,MASC,-1,-1;FEM "FEM" true true false 9 Long 0 9 ,First,#,C:\COPES\PROJETO_GRADE\grade_final\GEOFTP\censo_2010\grade_id25.shp,FEM,-1,-1;POP "POP" true true false 9 Long 0 9 ,First,#,C:\COPES\PROJETO_GRADE\grade_final\GEOFTP\censo_2010\grade_id25.shp,POP,-1,-1;DOM_OCU "DOM_OCU" true true false 9 Long 0 9 ,First,#,C:\COPES\PROJETO_GRADE\grade_final\GEOFTP\censo_2010\grade_id25.shp,DOM_OCU,-1,-1;Shape_Leng "Shape_Leng" true true false 19 Double 0 0 ,First,#,C:\COPES\PROJETO_GRADE\grade_final\GEOFTP\censo_2010\grade_id25.shp,Shape_Leng,-1,-1;Shape_Area "Shape_Area" true true false 19 Double 0 0 ,First,#,C:\COPES\PROJETO_GRADE\grade_final\GEOFTP\censo_2010\grade_id25.shp,Shape_Area,-1,-1;5KM "5KM" true true false 50 Text 0 0 ,First,#,grade5km_escalas_BR,5KM,-1,-1;10KM "10KM" true true false 50 Text 0 0 ,First,#,grade5km_escalas_BR,10KM,-1,-1;50KM "50KM" true true false 50 Text 0 0 ,First,#,grade5km_escalas_BR,50KM,-1,-1;100KM "100KM" true true false 50 Text 0 0 ,First,#,grade5km_escalas_BR,100KM,-1,-1;500KM "500KM" true true false 50 Text 0 0 ,First,#,grade5km_escalas_BR,500KM,-1,-1;ID "ID" true true false 50 Text 0 0 ,First,#,grade5km_escalas_BR,ID,-1,-1" HAVE_THEIR_CENTER_IN # #</Process><Process Name="Delete Field" ToolSource="c:\program files (x86)\arcgis\desktop10.2\ArcToolbox\Toolboxes\Data Management Tools.tbx\DeleteField" Date="20160927" Time="101416">DeleteField C:\COPES\PROJETO_GRADE\grade_final\GEOFTP\v2_escalas_ok\grade_id25.shp Join_Count;TARGET_FID;JOIN_FID</Process><Process Name="Calculate Field" ToolSource="c:\program files (x86)\arcgis\desktop10.2\ArcToolbox\Toolboxes\Data Management Tools.tbx\CalculateField" Date="20160927" Time="101532">CalculateField C:\COPES\PROJETO_GRADE\grade_final\GEOFTP\v2_escalas_ok\grade_id25.shp nome_5KM [5KM] VB #</Process><Process Name="Calculate Field (2)" ToolSource="c:\program files (x86)\arcgis\desktop10.2\ArcToolbox\Toolboxes\Data Management Tools.tbx\CalculateField" Date="20160927" Time="101647">CalculateField C:\COPES\PROJETO_GRADE\grade_final\GEOFTP\v2_escalas_ok\grade_id25.shp nome_10KM [10KM] VB #</Process><Process Name="Calculate Field (3)" ToolSource="c:\program files (x86)\arcgis\desktop10.2\ArcToolbox\Toolboxes\Data Management Tools.tbx\CalculateField" Date="20160927" Time="101805">CalculateField C:\COPES\PROJETO_GRADE\grade_final\GEOFTP\v2_escalas_ok\grade_id25.shp nome_50KM [50KM] VB #</Process><Process Name="Calculate Field (4)" ToolSource="c:\program files (x86)\arcgis\desktop10.2\ArcToolbox\Toolboxes\Data Management Tools.tbx\CalculateField" Date="20160927" Time="101920">CalculateField C:\COPES\PROJETO_GRADE\grade_final\GEOFTP\v2_escalas_ok\grade_id25.shp nome_100KM [100KM] VB #</Process><Process Name="Calculate Field (5)" ToolSource="c:\program files (x86)\arcgis\desktop10.2\ArcToolbox\Toolboxes\Data Management Tools.tbx\CalculateField" Date="20160927" Time="102033">CalculateField C:\COPES\PROJETO_GRADE\grade_final\GEOFTP\v2_escalas_ok\grade_id25.shp nome_500KM [500KM] VB #</Process><Process Name="Calculate Field (6)" ToolSource="c:\program files (x86)\arcgis\desktop10.2\ArcToolbox\Toolboxes\Data Management Tools.tbx\CalculateField" Date="20160927" Time="102148">CalculateField C:\COPES\PROJETO_GRADE\grade_final\GEOFTP\v2_escalas_ok\grade_id25.shp QUADRANTE [ID] VB #</Process><Process Name="Delete Field (2)" ToolSource="c:\program files (x86)\arcgis\desktop10.2\ArcToolbox\Toolboxes\Data Management Tools.tbx\DeleteField" Date="20160927" Time="102209">DeleteField C:\COPES\PROJETO_GRADE\grade_final\GEOFTP\v2_escalas_ok\grade_id25.shp 5KM;10KM;50KM;100KM;500KM;ID</Process></lineage></DataProperties><SyncDate>20160927</SyncDate><SyncTime>10094500</SyncTime><ModDate>20160927</ModDate><ModTime>10094500</ModTime></Esri><dataIdInfo><envirDesc Sync="TRUE">Microsoft Windows 7 Version 6.1 (Build 7601) Service Pack 1; Esri ArcGIS 10.2.2.3552</envirDesc><dataLang><languageCode value="por" Sync="TRUE"></languageCode><countryCode value="BRA" Sync="TRUE"></countryCode></dataLang><idCitation><resTitle Sync="TRUE">grade_id25</resTitle><presForm><PresFormCd value="005" Sync="TRUE"></PresFormCd></presForm></idCitation><spatRpType><SpatRepTypCd value="001" Sync="TRUE"></SpatRepTypCd></spatRpType></dataIdInfo><mdLang><languageCode value="por" Sync="TRUE"></languageCode><countryCode value="BRA" Sync="TRUE"></countryCode></mdLang><mdChar><CharSetCd value="004" Sync="TRUE"></CharSetCd></mdChar><distInfo><distFormat><formatName Sync="TRUE">Shapefile</formatName></distFormat><distTranOps><transSize Sync="TRUE">0.000</transSize></distTranOps></distInfo><mdHrLv><ScopeCd value="005" Sync="TRUE"></ScopeCd></mdHrLv><mdHrLvName Sync="TRUE">dataset</mdHrLvName><refSysInfo><RefSystem><refSysID><identCode code="4674" Sync="TRUE"></identCode><idCodeSpace Sync="TRUE">EPSG</idCodeSpace><idVersion Sync="TRUE">8.2.6</idVersion></refSysID></RefSystem></refSysInfo><spatRepInfo><VectSpatRep><geometObjs Name="grade_id25"><geoObjTyp><GeoObjTypCd value="002" Sync="TRUE"></GeoObjTypCd></geoObjTyp><geoObjCnt Sync="TRUE">0</geoObjCnt></geometObjs><topLvl><TopoLevCd value="001" Sync="TRUE"></TopoLevCd></topLvl></VectSpatRep></spatRepInfo><spdoinfo><ptvctinf><esriterm Name="grade_id25"><efeatyp Sync="TRUE">Simple</efeatyp><efeageom code="4" Sync="TRUE"></efeageom><esritopo Sync="TRUE">FALSE</esritopo><efeacnt Sync="TRUE">0</efeacnt><spindex Sync="TRUE">FALSE</spindex><linrefer Sync="TRUE">FALSE</linrefer></esriterm></ptvctinf></spdoinfo><eainfo><detailed Name="grade_id25"><enttyp><enttypl Sync="TRUE">grade_id25</enttypl><enttypt Sync="TRUE">Feature Class</enttypt><enttypc Sync="TRUE">0</enttypc></enttyp><attr><attrlabl Sync="TRUE">FID</attrlabl><attalias Sync="TRUE">FID</attalias><attrtype Sync="TRUE">OID</attrtype><attwidth Sync="TRUE">4</attwidth><atprecis Sync="TRUE">0</atprecis><attscale Sync="TRUE">0</attscale><attrdef Sync="TRUE">Internal feature number.</attrdef><attrdefs Sync="TRUE">Esri</attrdefs><attrdomv><udom Sync="TRUE">Sequential unique whole numbers that are automatically generated.</udom></attrdomv></attr><attr><attrlabl Sync="TRUE">Shape</attrlabl><attalias Sync="TRUE">Shape</attalias><attrtype Sync="TRUE">Geometry</attrtype><attwidth Sync="TRUE">0</attwidth><atprecis Sync="TRUE">0</atprecis><attscale Sync="TRUE">0</attscale><attrdef Sync="TRUE">Feature geometry.</attrdef><attrdefs Sync="TRUE">Esri</attrdefs><attrdomv><udom Sync="TRUE">Coordinates defining the features.</udom></attrdomv></attr><attr><attrlabl Sync="TRUE">Join_Count</attrlabl><attalias Sync="TRUE">Join_Count</attalias><attrtype Sync="TRUE">Integer</attrtype><attwidth Sync="TRUE">9</attwidth><atprecis Sync="TRUE">9</atprecis><attscale Sync="TRUE">0</attscale></attr><attr><attrlabl Sync="TRUE">TARGET_FID</attrlabl><attalias Sync="TRUE">TARGET_FID</attalias><attrtype Sync="TRUE">Integer</attrtype><attwidth Sync="TRUE">9</attwidth><atprecis Sync="TRUE">9</atprecis><attscale Sync="TRUE">0</attscale></attr><attr><attrlabl Sync="TRUE">JOIN_FID</attrlabl><attalias Sync="TRUE">JOIN_FID</attalias><attrtype Sync="TRUE">Integer</attrtype><attwidth Sync="TRUE">9</attwidth><atprecis Sync="TRUE">9</atprecis><attscale Sync="TRUE">0</attscale></attr><attr><attrlabl Sync="TRUE">ID_UNICO</attrlabl><attalias Sync="TRUE">ID_UNICO</attalias><attrtype Sync="TRUE">String</attrtype><attwidth Sync="TRUE">50</attwidth><atprecis Sync="TRUE">0</atprecis><attscale Sync="TRUE">0</attscale></attr><attr><attrlabl Sync="TRUE">nome_1KM</attrlabl><attalias Sync="TRUE">nome_1KM</attalias><attrtype Sync="TRUE">String</attrtype><attwidth Sync="TRUE">16</attwidth><atprecis Sync="TRUE">0</atprecis><attscale Sync="TRUE">0</attscale></attr><attr><attrlabl Sync="TRUE">nome_5KM</attrlabl><attalias Sync="TRUE">nome_5KM</attalias><attrtype Sync="TRUE">String</attrtype><attwidth Sync="TRUE">16</attwidth><atprecis Sync="TRUE">0</atprecis><attscale Sync="TRUE">0</attscale></attr><attr><attrlabl Sync="TRUE">nome_10KM</attrlabl><attalias Sync="TRUE">nome_10KM</attalias><attrtype Sync="TRUE">String</attrtype><attwidth Sync="TRUE">16</attwidth><atprecis Sync="TRUE">0</atprecis><attscale Sync="TRUE">0</attscale></attr><attr><attrlabl Sync="TRUE">nome_50KM</attrlabl><attalias Sync="TRUE">nome_50KM</attalias><attrtype Sync="TRUE">String</attrtype><attwidth Sync="TRUE">16</attwidth><atprecis Sync="TRUE">0</atprecis><attscale Sync="TRUE">0</attscale></attr><attr><attrlabl Sync="TRUE">nome_100KM</attrlabl><attalias Sync="TRUE">nome_100KM</attalias><attrtype Sync="TRUE">String</attrtype><attwidth Sync="TRUE">16</attwidth><atprecis Sync="TRUE">0</atprecis><attscale Sync="TRUE">0</attscale></attr><attr><attrlabl Sync="TRUE">nome_500KM</attrlabl><attalias Sync="TRUE">nome_500KM</attalias><attrtype Sync="TRUE">String</attrtype><attwidth Sync="TRUE">16</attwidth><atprecis Sync="TRUE">0</atprecis><attscale Sync="TRUE">0</attscale></attr><attr><attrlabl Sync="TRUE">QUADRANTE</attrlabl><attalias Sync="TRUE">QUADRANTE</attalias><attrtype Sync="TRUE">String</attrtype><attwidth Sync="TRUE">50</attwidth><atprecis Sync="TRUE">0</atprecis><attscale Sync="TRUE">0</attscale></attr><attr><attrlabl Sync="TRUE">MASC</attrlabl><attalias Sync="TRUE">MASC</attalias><attrtype Sync="TRUE">Integer</attrtype><attwidth Sync="TRUE">9</attwidth><atprecis Sync="TRUE">9</atprecis><attscale Sync="TRUE">0</attscale></attr><attr><attrlabl Sync="TRUE">FEM</attrlabl><attalias Sync="TRUE">FEM</attalias><attrtype Sync="TRUE">Integer</attrtype><attwidth Sync="TRUE">9</attwidth><atprecis Sync="TRUE">9</atprecis><attscale Sync="TRUE">0</attscale></attr><attr><attrlabl Sync="TRUE">POP</attrlabl><attalias Sync="TRUE">POP</attalias><attrtype Sync="TRUE">Integer</attrtype><attwidth Sync="TRUE">9</attwidth><atprecis Sync="TRUE">9</atprecis><attscale Sync="TRUE">0</attscale></attr><attr><attrlabl Sync="TRUE">DOM_OCU</attrlabl><attalias Sync="TRUE">DOM_OCU</attalias><attrtype Sync="TRUE">Integer</attrtype><attwidth Sync="TRUE">9</attwidth><atprecis Sync="TRUE">9</atprecis><attscale Sync="TRUE">0</attscale></attr><attr><attrlabl Sync="TRUE">Shape_Leng</attrlabl><attalias Sync="TRUE">Shape_Leng</attalias><attrtype Sync="TRUE">Double</attrtype><attwidth Sync="TRUE">19</attwidth><atprecis Sync="TRUE">0</atprecis><attscale Sync="TRUE">0</attscale></attr><attr><attrlabl Sync="TRUE">Shape_Area</attrlabl><attalias Sync="TRUE">Shape_Area</attalias><attrtype Sync="TRUE">Double</attrtype><attwidth Sync="TRUE">19</attwidth><atprecis Sync="TRUE">0</atprecis><attscale Sync="TRUE">0</attscale><attrdef Sync="TRUE">Area of feature in internal units squared.</attrdef><attrdefs Sync="TRUE">Esri</attrdefs><attrdomv><udom Sync="TRUE">Positive real numbers that are automatically generated.</udom></attrdomv></attr><attr><attrlabl Sync="TRUE">5KM</attrlabl><attalias Sync="TRUE">5KM</attalias><attrtype Sync="TRUE">String</attrtype><attwidth Sync="TRUE">50</attwidth><atprecis Sync="TRUE">0</atprecis><attscale Sync="TRUE">0</attscale></attr><attr><attrlabl Sync="TRUE">10KM</attrlabl><attalias Sync="TRUE">10KM</attalias><attrtype Sync="TRUE">String</attrtype><attwidth Sync="TRUE">50</attwidth><atprecis Sync="TRUE">0</atprecis><attscale Sync="TRUE">0</attscale></attr><attr><attrlabl Sync="TRUE">50KM</attrlabl><attalias Sync="TRUE">50KM</attalias><attrtype Sync="TRUE">String</attrtype><attwidth Sync="TRUE">50</attwidth><atprecis Sync="TRUE">0</atprecis><attscale Sync="TRUE">0</attscale></attr><attr><attrlabl Sync="TRUE">100KM</attrlabl><attalias Sync="TRUE">100KM</attalias><attrtype Sync="TRUE">String</attrtype><attwidth Sync="TRUE">50</attwidth><atprecis Sync="TRUE">0</atprecis><attscale Sync="TRUE">0</attscale></attr><attr><attrlabl Sync="TRUE">500KM</attrlabl><attalias Sync="TRUE">500KM</attalias><attrtype Sync="TRUE">String</attrtype><attwidth Sync="TRUE">50</attwidth><atprecis Sync="TRUE">0</atprecis><attscale Sync="TRUE">0</attscale></attr><attr><attrlabl Sync="TRUE">ID</attrlabl><attalias Sync="TRUE">ID</attalias><attrtype Sync="TRUE">String</attrtype><attwidth Sync="TRUE">50</attwidth><atprecis Sync="TRUE">0</atprecis><attscale Sync="TRUE">0</attscale></attr></detailed></eainfo><mdDateSt Sync="TRUE">20160927</mdDateSt></metadata>
